{
    "header": [
        " *   ",
        " *   如非需要调试，本文件可删除",
        " *   非专业人员可将本文件删除",
        " *   详细介绍请参考: https://bazhan.wang/faq#INFO-JSON",
        " *   "
    ],
    "resources": [
        {
            "url": "https://meiriyiwen.com/",
            "path": "index.html",
            "saved": true,
            "size": 10962,
            "children": [
                {
                    "url": "https://tp4.sinaimg.cn/2085934591/180/5632143217/1",
                    "saved": false
                },
                {
                    "url": "https://cbjs.baidu.com/js/o.js",
                    "path": "js/o.js",
                    "saved": true,
                    "size": 0,
                    "children": []
                },
                {
                    "url": "https://tajs.qq.com/stats?sId=12757038",
                    "saved": false
                },
                {
                    "url": "https://meiriyiwen.com/script/jquery.js",
                    "path": "js/jquery.js",
                    "saved": true,
                    "size": 0,
                    "children": []
                },
                {
                    "url": "https://meiriyiwen.com/script/bootstrap.min.js",
                    "path": "js/bootstrap.min.js",
                    "saved": true,
                    "size": 7722,
                    "children": []
                },
                {
                    "url": "https://meiriyiwen.com/style/2013style.css",
                    "path": "css/2013style.css",
                    "saved": true,
                    "size": 7494,
                    "children": [
                        {
                            "url": "https://meiriyiwen.com/images/settings.png",
                            "path": "img/settings.png",
                            "saved": true,
                            "size": 0,
                            "children": []
                        },
                        {
                            "url": "https://meiriyiwen.com/images/share_mail.png",
                            "path": "img/share_mail.png",
                            "saved": true,
                            "size": 0,
                            "children": []
                        },
                        {
                            "url": "https://meiriyiwen.com/images/share_icons_v2.png",
                            "path": "img/share_icons_v2.png",
                            "saved": true,
                            "size": 0,
                            "children": []
                        },
                        {
                            "url": "https://meiriyiwen.com/images/mail.png",
                            "path": "img/mail.png",
                            "saved": true,
                            "size": 0,
                            "children": []
                        }
                    ]
                },
                {
                    "url": "https://meiriyiwen.com/style/bootstrap.css",
                    "path": "css/bootstrap.css",
                    "saved": true,
                    "size": 12325,
                    "children": []
                },
                {
                    "url": "http://yile-static-files.b0.upaiyun.com/meiriyiwen_com_favicon.ico",
                    "saved": false
                },
                {
                    "url": "https://widget.weibo.com/relationship/followbutton.php?language=zh_cn&width=63&height=24&uid=2085934591&style=1&btn=red&dpc=1",
                    "saved": false
                },
                {
                    "url": "https://widget.weibo.com/relationship/followbutton.php?language=zh_cn&width=63&height=24&uid=2085934591&style=1&btn=red&dpc=1",
                    "saved": false
                }
            ]
        }
    ],
    "alias": "meiriyiwen-com-u0yx04xn",
    "info": {
        "remark": [],
        "title": "比明天年轻 乔叶 | 每日一文",
        "domain": "meiriyiwen.com",
        "origin": "https://meiriyiwen.com",
        "ip": "101.132.178.89",
        "main": "index.html",
        "url": "https://meiriyiwen.com/",
        "totalSize": "38.5 kB",
        "request": {
            "headers": {
                "accept": "text/html,*/*",
                "accept-language": "zh-CN,zh;q=0.9",
                "cache-control": "no-cache",
                "cookie": "",
                "referer": "https://meiriyiwen.com/",
                "user-agent": "Mozilla/5.0 (Windows NT 10.0; Win64; x64) AppleWebKit/537.36 (KHTML, like Gecko) Chrome/78.0.3904.108 Safari/537.36",
                "x-scraper-website": "https://bazhan.wang/"
            }
        },
        "response": {
            "responseUrl": "https://meiriyiwen.com/",
            "redirects": [],
            "statusCode": 200,
            "headers": {
                "server": "nginx",
                "date": "Wed, 03 Aug 2022 04:35:22 GMT",
                "content-type": "text/html; charset=UTF-8",
                "transfer-encoding": "chunked",
                "connection": "close",
                "x-frame-options": "DENY",
                "x-content-type-options": "nosniff",
                "x-xss-protection": "1; mode=block",
                "x-ua-compatible": "IE=Edge,chrome=1"
            }
        },
        "time": {
            "start": "2022-08-03T04:35:21.993Z",
            "end": "2022-08-03T04:35:37.297Z"
        }
    },
    "options": {
        "url": "https://meiriyiwen.com/",
        "referer": "",
        "cookies": "",
        "userAgent": "Mozilla/5.0 (Windows NT 10.0; Win64; x64) AppleWebKit/537.36 (KHTML, like Gecko) Chrome/78.0.3904.108 Safari/537.36",
        "formatter": [],
        "filenameGenerator": "byType"
    }
}